,Name,First_Price,Price,Away From Center,Type,Rating,Reviews
0,Hotel Firststay Myeongdong,US$187,US$62,400 m from centre,Fabulous,8.9,383 reviews
1,The garden hotel,US$47,US$44,1.6 km from centre,Fabulous,8.6,51 reviews
2,Inno Hostel & Pub Lounge Hongdae,US$44,US$31,6 km from centre,Very good,8.5,261 reviews
3,24 Guesthouse Seoul Station,US$59,US$35,1.3 km from centre,Very good,8.1,134 reviews
4,G Guesthouse Itaewon In Seoul,US$31,US$19,3.4 km from centre,Very good,8.1,278 reviews
5,K-Grand Hotel Myeongdong,US$72,US$43,300 m from centre,Review score,6.8,126 reviews
6,O2 Oneroomtel-Hyehwa,US$15,US$14,2.8 km from centre,Review score,6.5,2 reviews
7,Seoul N Guesthouse Dongdaemoon,US$17,US$16,3.7 km from centre,Good,7.8,293 reviews
8,Jongro Wellbeingtel,,US$12,0.9 km from centre,Good,7.7,141 reviews
9,Myeongdong Guesthouse Como,US$95,US$47,0.6 km from centre,Fabulous,8.6,267 reviews
10,Central Tourist Hotel,US$55,US$47,1.3 km from centre,Review score,6.2,93 reviews
11,Toyoko Inn Seoul Yeongdeungpo,,US$57,7.8 km from centre,Very good,8.5,"1,065 reviews"
12,H HOSTEL Itaewon,US$35,US$33,3.5 km from centre,Superb,9.4,17 reviews
13,Step Inn Myeongdong 1,US$108,US$31,450 m from centre,Very good,8.2,553 reviews
14,BB Hongdae,US$26,US$15,4.9 km from centre,Good,7.4,272 reviews
15,1012 House Namsan,US$47,US$36,0.5 km from centre,Very good,8.0,93 reviews
16,Asan Residence,,US$21,12.5 km from centre,Good,7.8,236 reviews
17,57 Myeongdong Hostel,US$51,US$48,200 m from centre,Very good,8.2,"1,097 reviews"
18,Philstay Myeongdong Boutique Female,US$59,US$29,350 m from centre,Good,7.8,203 reviews
19,Insadong Hostel,US$23,US$22,1.5 km from centre,Fabulous,8.6,211 reviews
20,K-Grand Hotel Seoul,US$61,US$58,1.3 km from centre,Good,7.0,241 reviews
21,Golden Seoul Hotel,,US$57,9.2 km from centre,Good,7.8,315 reviews
22,Hause Itaewon,US$31,US$16,3.1 km from centre,Good,7.6,438 reviews
23,Line Hotel Myeongdong,,US$54,450 m from centre,Good,7.6,160 reviews
24,Hotel 8 Hours,,US$61,300 m from centre,Very good,8.3,"1,002 reviews"
25,Line Hotel Myeongdong,,US$54,450 m from centre,Good,7.6,160 reviews
26,Hotel 8 Hours,,US$61,300 m from centre,Very good,8.3,"1,002 reviews"
27,K-POP Residence Myeongdong 1,US$62,US$41,450 m from centre,Good,7.6,143 reviews
28,Humanville,,US$23,9.7 km from centre,Good,7.4,76 reviews
29,Mong Hotel -Le Mong,US$62,US$59,1 km from centre,Good,7.1,31 reviews
30,The Recenz Dongdaemun Hotel,US$46,US$44,7.1 km from centre,Good,7.9,162 reviews
31,Able Guesthouse Hongdae,US$19,US$18,4.8 km from centre,Very good,8.4,276 reviews
32,Calistar Hotel,US$52,US$30,400 m from centre,Good,7.4,146 reviews
33,Ibis Styles Ambassador Seoul Gangnam,,US$90,9.2 km from centre,Good,7.6,537 reviews
34,Star Hostel Seoul Dongdaemun,US$12,US$12,2.2 km from centre,Review score,6.2,214 reviews
35,BUTLERLee JL,US$97,US$93,5.1 km from centre,Very good,8.4,260 reviews
36,Golden Seoul Hotel,,US$57,9.2 km from centre,Good,7.8,315 reviews
37,Glue Hotel,US$138,US$64,2.5 km from centre,Very good,8.4,"1,514 reviews"
38,Ekonomy Hotel Myeongdong Premier,US$50,US$47,300 m from centre,Good,7.1,151 reviews
39,Royal Square Hotel Seoul,US$69,US$65,15.1 km from centre,Very good,8.5,473 reviews
40,The One Hostel Hongdae in Seoul - 외국인 전용숙소,US$23,US$22,5.5 km from centre,Very good,8.4,147 reviews
41,Green Park Hotel,US$51,US$48,1.3 km from centre,,,
42,Shilla Stay Yeoksam,,US$128,8.3 km from centre,Good,7.7,795 reviews
43,Agit Guesthouse,US$20,US$19,2.8 km from centre,Superb,9.1,37 reviews
44,KSTAR METRO Hotel,US$81,US$50,2.3 km from centre,Good,7.1,93 reviews
45,Shilla Stay Seodaemun,US$275,US$131,1.3 km from centre,Very good,8.0,"1,155 reviews"
46,Huayuanhouse HQ in hongdae,US$20,US$19,5.3 km from centre,Very good,8.0,249 reviews
47,Hi Jun Guesthouse,US$59,US$56,6 km from centre,Superb,9.2,243 reviews
48,"Four Points by Sheraton Seoul, Guro",,US$120,11.4 km from centre,Very good,8.4,582 reviews
49,Time Travelers Party Hostel In Hongdae,US$19,US$18,4.7 km from centre,Review score,6.9,125 reviews
50,K-Guesthouse Dongdaemun,US$52,US$49,1.9 km from centre,Good,7.5,156 reviews
51,K-POP Hotel Seoul Tower,US$39,US$37,0.7 km from centre,Review score,5.8,69 reviews
52,Travelodge Dongdaemun Seoul,,US$76,1.9 km from centre,Good,7.8,303 reviews
53,HOTEL in 9 Gangnam,,US$108,8.7 km from centre,Good,7.9,383 reviews
54,Galaxy Hotel,US$30,US$28,7.5 km from centre,Good,7.2,165 reviews
55,Hongdae Cheese Guesthouse,,US$20,4.5 km from centre,Fabulous,8.9,132 reviews
56,Myeongdong Misskorea,US$27,US$26,450 m from centre,Superb,9.0,6 reviews
57,Namsan Forest in Myeongdong,US$67,US$48,400 m from centre,Good,7.3,321 reviews
58,Hotel The Designers DDP,,US$84,2 km from centre,Review score,6.8,117 reviews
59,Hotel Daewoo Inn,US$78,US$74,300 m from centre,Good,7.8,42 reviews
60,Hotel The Designers Jongro,US$70,US$66,1.1 km from centre,Review score,6.1,34 reviews
61,That House Hongdae,US$15,US$14,4.5 km from centre,Very good,8.5,291 reviews
62,Hotel Peyto Samseong,,US$129,9.1 km from centre,Good,7.9,558 reviews
63,Bonum 1957 Hanok and Boutique,,US$89,2.2 km from centre,Good,7.5,85 reviews
64,Yakorea Hostel Dongdaemun,US$20,US$19,2.8 km from centre,Very good,8.3,361 reviews
65,boutique hotel k Dongdaemun,US$37,US$36,6.8 km from centre,Review score,6.5,129 reviews
66,Korstay Guesthouse Seoul Station,US$61,US$29,1.9 km from centre,Good,7.7,153 reviews
67,Orbit -외국인전용,US$61,US$58,5 km from centre,Very good,8.2,365 reviews
68,Hotel POCO,,US$91,7 km from centre,Good,7.7,236 reviews
69,Myeongdong Merlin Hotel,US$109,US$67,1.6 km from centre,Good,7.2,157 reviews
70,Boutique Hotel SB Yeouido,US$104,US$59,7.9 km from centre,Review score,6.7,484 reviews
71,Dormy Inn SEOUL Gangnam,,US$109,7.6 km from centre,Fabulous,8.7,"1,513 reviews"
72,Hotel Irene City,,US$56,300 m from centre,Good,7.3,85 reviews
73,Birdsnest Hostel Hongdae Foreigner only,US$14,US$13,5.3 km from centre,Review score,6.8,227 reviews
74,Shilla Stay Mapo,US$283,US$135,3.5 km from centre,Good,7.7,"1,363 reviews"
75,Best Western Premier Gangnam Hotel,US$155,US$103,7.5 km from centre,Very good,8.1,993 reviews
76,Harmony Hotel,US$74,US$70,14.1 km from centre,Very good,8.2,241 reviews
77,Dalgona Guesthouse,,US$41,2 km from centre,Very good,8.1,129 reviews
78,K-POP Hotel Seoul Station,,US$74,1 km from centre,Good,7.2,98 reviews
79,LOTTE City Hotel Gimpo Airport,US$120,US$117,15.7 km from centre,Very good,8.4,974 reviews
80,Hotel The Designers Kondae,,US$91,8.4 km from centre,Review score,6.9,48 reviews
81,New Kukje Hotel,,US$100,0.7 km from centre,Very good,8.5,420 reviews
82,L7 Gangnam by LOTTE,,US$139,8.8 km from centre,Very good,8.5,"1,486 reviews"
83,Shilla Stay Guro,,US$103,10.9 km from centre,Very good,8.0,"1,525 reviews"
84,K-Grand Hostel Dongdaemun,US$109,US$52,4.5 km from centre,Very good,8.1,190 reviews
85,Seoul Cube Itaewon,US$27,US$26,3.4 km from centre,Very good,8.3,234 reviews
86,Daeyoung Hotel Myeongdong,US$70,US$63,400 m from centre,Fabulous,8.9,190 reviews
87,La Casa Hotel Seoul,,US$97,5.6 km from centre,Very good,8.0,281 reviews
88,Mayplace Seoul Dongdaemun,US$112,US$106,2.2 km from centre,Good,7.9,366 reviews
89,Shilla Stay Gwanghwamun,US$258,US$147,1.2 km from centre,Good,7.8,"1,869 reviews"
90,Hotel Star Gangnam,US$77,US$73,8.4 km from centre,Good,7.5,726 reviews
91,Hotel Skypark Myeongdong 2,,US$83,450 m from centre,Very good,8.1,361 reviews
92,Aloft Seoul Gangnam,,US$129,7.8 km from centre,Very good,8.0,412 reviews
93,Hotel The Designers LYJ Gangnam Premier,,US$98,7.5 km from centre,Review score,6.8,424 reviews
94,Kimstay 9,US$69,US$30,11.1 km from centre,Very good,8.1,145 reviews
95,OYO Hostel Myeongdong 3,,US$37,400 m from centre,Very good,8.1,310 reviews
96,ibis Ambassador Insadong,,US$94,1.6 km from centre,Good,7.8,499 reviews
97,Casa Cielo,US$31,US$30,1.9 km from centre,Superb,9.1,22 reviews
98,Staz Hotel Doksan,US$67,US$64,13.4 km from centre,Fabulous,8.6,524 reviews
99,Hotel MIDO Myeongdong,US$162,US$92,400 m from centre,Good,7.1,463 reviews
100,Hotel MIDO Myeongdong,US$162,US$92,400 m from centre,Good,7.1,463 reviews
101,Chris Hostel,US$23,US$22,3.5 km from centre,Review score,5.0,25 reviews
102,Staz Hotel Myeongdong 2,US$61,US$58,0.8 km from centre,Good,7.8,810 reviews
103,First Stay Hotel,US$69,US$66,12.7 km from centre,Good,7.8,345 reviews
104,K Stay Guesthouse Myeongdong first,,US$42,0.6 km from centre,Fabulous,8.6,178 reviews
105,ibis Styles Ambassador Seoul Yongsan,,US$137,3.7 km from centre,Good,7.9,694 reviews
106,ARA125,US$50,US$47,450 m from centre,Exceptional,9.5,10 reviews
107,Insadong R Guesthouse,,US$41,1.4 km from centre,Good,7.8,178 reviews
108,Ibis Styles Ambassador Seoul Myeong-dong,,US$117,0.7 km from centre,Good,7.9,678 reviews
109,Hotel Prince Seoul,,US$90,450 m from centre,Very good,8.2,208 reviews
110,Seoul N Hotel Dongdaemun,US$241,US$94,3.7 km from centre,Good,7.4,"1,154 reviews"
111,Travelodge Myeongdong City Hall,,US$116,300 m from centre,Very good,8.5,221 reviews
112,Apollo Guesthouse,US$53,US$30,8.9 km from centre,Good,7.8,268 reviews
113,Hotel Uri&,US$146,US$139,8.9 km from centre,Very good,8.0,"1,041 reviews"
114,Seoul Riviera Hotel,,US$98,7.7 km from centre,Good,7.9,369 reviews
115,Kobos Hotel,,US$74,6.4 km from centre,Good,7.8,170 reviews
116,Yehadoye Guesthouse,,US$32,1.4 km from centre,Very good,8.4,37 reviews
117,Hotel Skypark Myeongdong 3,,US$99,0.6 km from centre,Very good,8.2,633 reviews
118,The Stay Hotel Myeongdong,US$74,US$70,500 m from centre,Review score,6.6,116 reviews
119,Hotel Manu Seoul,US$159,US$151,0.8 km from centre,Very good,8.3,292 reviews
120,Ocloud Hotel Gangnam,,US$111,7.5 km from centre,Good,7.8,727 reviews
121,Noble Hotel,,US$37,1.8 km from centre,Good,7.5,57 reviews
122,Take 1 Guesthouse Hongdae,US$86,US$82,5.1 km from centre,Very good,8.5,364 reviews
123,Hotel NewV,,US$81,8.9 km from centre,Very good,8.3,290 reviews
124,Acube Hotel Dongdaemun,,US$63,1.9 km from centre,Very good,8.4,679 reviews
125,Jerry's Planet,,US$70,8.1 km from centre,Review score,6.0,62 reviews
126,Stay Hotel Gangnam,,US$113,8.4 km from centre,Good,7.9,"1,431 reviews"
127,INNO Guesthouse & Bar Hongdae,US$58,US$34,6 km from centre,Very good,8.5,79 reviews
128,Hotel Peyto Gangnam,,US$137,9.5 km from centre,Very good,8.3,486 reviews
129,First Stay Hotel,US$69,US$66,12.7 km from centre,Good,7.8,345 reviews
130,Hotel DM,,US$54,3.7 km from centre,Very good,8.5,190 reviews
131,Core Livingtel Gangnam,US$27,US$26,8.9 km from centre,Good,7.2,24 reviews
132,Baiton Seoul Dongdaemun,US$94,US$89,1.9 km from centre,Good,7.8,289 reviews
133,Novotel Ambassador Seoul Gangnam,,US$211,7.6 km from centre,Very good,8.1,334 reviews
134,Rian Hotel,,US$98,1.2 km from centre,Good,7.9,225 reviews
135,Hotel Skypark Kingstown Dongdaemun,,US$107,2.5 km from centre,Very good,8.4,909 reviews
136,LEX Tourist Hotel,US$123,US$116,6.3 km from centre,Fabulous,8.9,7 reviews
137,Uljiro Coop Residence Dongdaemun,,US$67,2.2 km from centre,Very good,8.0,254 reviews
138,ZIP Hotel,US$47,US$44,9.5 km from centre,Review score,5.8,70 reviews
139,MyeongDong New Stay Inn,US$62,US$59,0.8 km from centre,Review score,6.8,136 reviews
140,Sotetsu Hotels The Splaisir Seoul Myeongdong,,US$96,200 m from centre,Very good,8.1,663 reviews
141,Hotel Skypark Central Myeongdong,,US$114,450 m from centre,Good,7.8,920 reviews
142,Ibis Ambassador Myeongdong,,US$133,300 m from centre,Very good,8.1,389 reviews
143,Lavita hotel,US$76,US$72,8.1 km from centre,Good,7.0,209 reviews
144,OYO Hostel Dongdaemun1,,US$40,2.2 km from centre,Very good,8.0,165 reviews
145,Hotel PAI Jongno,US$98,US$56,2.1 km from centre,Good,7.5,170 reviews
146,Hostel Korea - Original,US$26,US$25,3.8 km from centre,Review score,6.9,555 reviews
147,Hotel Skypark Myeongdong 1,,US$102,250 m from centre,Very good,8.0,400 reviews
148,AC Hotel by Marriott Seoul Gangnam,,US$215,8.3 km from centre,Fabulous,8.6,139 reviews
149,Itaewon Inn,US$45,US$43,3.2 km from centre,Good,7.6,239 reviews
150,Grid Inn Hotel,,US$105,1.2 km from centre,Fabulous,8.8,372 reviews
151,G3 Hotel Chungmuro,US$180,US$128,1 km from centre,Superb,9.3,14 reviews
152,31page,US$51,US$36,6.4 km from centre,Good,7.7,32 reviews
153,Rich House,US$25,US$23,4 km from centre,Review score,5.3,10 reviews
154,Sunshine Hotel,,US$109,6.2 km from centre,Good,7.8,147 reviews
155,LOTTE City Hotel Mapo,,US$150,3.3 km from centre,Very good,8.4,904 reviews
156,Moxy Seoul Insadong,,US$146,1.4 km from centre,Fabulous,8.6,184 reviews
157,LOTTE City Hotel Myeongdong,,US$163,0.8 km from centre,Very good,8.5,"2,238 reviews"
158,Itaewon Yellow Guesthouse,US$39,US$37,3.6 km from centre,Good,7.4,88 reviews
159,Hostel Metro,US$31,US$30,4.2 km from centre,Review score,5.5,47 reviews
160,Neat House,US$66,US$63,5.5 km from centre,Very good,8.2,64 reviews
161,Hotel Pop Jongno,US$62,US$59,1.3 km from centre,Review score,6.0,2 reviews
162,Nakwon Arcade Sky Motel,,US$39,1.4 km from centre,Good,7.4,5 reviews
163,YaKorea Hostel Gangnam,US$58,US$30,8.4 km from centre,Good,7.7,286 reviews
164,Tripstay Myeongdong,US$53,US$38,1.1 km from centre,Good,7.4,84 reviews
165,Kyoung Dong Hotel Myeongdong,US$77,US$73,0.5 km from centre,Good,7.8,69 reviews
166,Twin Rabbit Guesthouse,US$84,US$80,5.2 km from centre,Very good,8.4,230 reviews
167,Hotel Nafore,,US$104,1.1 km from centre,Very good,8.5,367 reviews
168,Petercat Hotel Shinchon,US$74,US$46,4.1 km from centre,Good,7.5,218 reviews
169,Hotel Gracery Seoul,US$148,US$141,400 m from centre,Fabulous,8.7,"1,692 reviews"
170,SR Hotel Sadang,,US$103,9.4 km from centre,Good,7.9,334 reviews
171,Urban Place Gangnam,,US$103,8.9 km from centre,Good,7.3,388 reviews
172,Novotel Ambassador Seoul Yongsan,,US$191,3.7 km from centre,Very good,8.0,"1,084 reviews"
173,Hotel DDK,,US$72,2.3 km from centre,Very good,8.2,28 reviews
174,Hotel Atrium Jongno,,US$129,1.9 km from centre,Very good,8.2,253 reviews
175,The Ace Hotel,US$70,US$67,8.9 km from centre,Review score,5.2,23 reviews
176,Union Motel,,US$55,3.2 km from centre,Exceptional,9.5,2 reviews
177,"Four Points by Sheraton Josun, Seoul Station",,US$206,1.4 km from centre,Very good,8.1,"2,553 reviews"
178,Patio 7,,US$95,6.5 km from centre,Very good,8.1,197 reviews
179,Hotel Noblesse,,US$35,12.4 km from centre,Review score,5.3,41 reviews
180,Newmond Hotel,US$47,US$44,12.3 km from centre,Very good,8.0,1 review
181,Hotel Kuretakeso Insadong,,US$80,1.3 km from centre,Very good,8.2,419 reviews
182,Life style F Hotel,,US$41,7.9 km from centre,Good,7.9,8 reviews
183,Nana House,US$22,US$21,14.8 km from centre,Good,7.8,81 reviews
184,Life Style S Hotel,US$37,US$35,12.5 km from centre,Good,7.4,26 reviews
185,Hide & Seek Guesthouse,,US$58,1.9 km from centre,Fabulous,8.7,63 reviews
186,Step Inn Myeongdong 2,US$108,US$31,450 m from centre,Very good,8.0,605 reviews
187,Spring Light,US$35,US$33,2.3 km from centre,Good,7.4,234 reviews
188,Hotel Leaders,,US$50,7.9 km from centre,Review score,6.7,77 reviews
189,Oriens Hotel & Residences Myeongdong,US$140,US$109,0.9 km from centre,Very good,8.3,505 reviews
190,Seoul Station R Guesthouse,US$117,US$111,1.6 km from centre,Fabulous,8.7,299 reviews
191,GLAD Mapo,,US$136,3.4 km from centre,Fabulous,8.8,"2,022 reviews"
192,Starria Hostel,US$81,US$77,0.6 km from centre,Fabulous,8.7,115 reviews
193,Tria Business & Boutique Hotel,,US$65,8.3 km from centre,Review score,5.9,134 reviews
194,"InterContinental Seoul COEX, an IHG Hotel",,US$265,8.6 km from centre,Fabulous,8.6,"1,136 reviews"
195,Hotel The Designers Dongdaemun,US$94,US$89,2.2 km from centre,Review score,6.8,456 reviews
196,Hotel Naru Seoul MGallery Ambassador,,US$232,4.3 km from centre,Superb,9.0,4 reviews
197,Creto Hotel Myeongdong,,US$88,0.6 km from centre,Fabulous,8.7,159 reviews
198,Mondrian Seoul Itaewon,,US$195,3.8 km from centre,Very good,8.2,540 reviews
199,Migliore Hotel Seoul Myeongdong,,US$79,350 m from centre,Good,7.5,346 reviews
200,Courtyard by Marriott Seoul Botanic Park,,US$180,13.4 km from centre,Fabulous,8.7,775 reviews
201,Fairfield by Marriott Seoul,,US$86,8.1 km from centre,Good,7.7,553 reviews
202,Stanford Hotel Seoul,,US$83,8.6 km from centre,Very good,8.3,425 reviews
203,OYO Hostel Myeongdong 1,,US$46,350 m from centre,Very good,8.2,122 reviews
204,Choco Residence,US$48,US$45,5.3 km from centre,Superb,9.1,248 reviews
205,Hotel Cullinan 2 Geondae,,US$52,7.9 km from centre,Review score,6.5,31 reviews
206,"Four Points by Sheraton Josun, Seoul Myeongdong",,US$155,0.8 km from centre,Fabulous,8.7,"1,078 reviews"
207,OYO Hostel Myeongdong 2,,US$53,0.6 km from centre,Very good,8.4,168 reviews
208,Hostel Seoul,,US$36,4.1 km from centre,Review score,6.0,155 reviews
209,Myeongdong Sunshine Guesthouse,US$70,US$67,450 m from centre,Very good,8.0,54 reviews
210,"voco Seoul Gangnam, an IHG Hotel",,US$214,6.2 km from centre,Fabulous,8.9,115 reviews
211,Keumkang Motel,US$69,US$66,1.6 km from centre,Good,7.8,95 reviews
212,L7 Hongdae by LOTTE,,US$237,5.3 km from centre,Very good,8.4,"2,094 reviews"
213,Westin Josun Seoul Hotel,,US$223,300 m from centre,Fabulous,8.6,982 reviews
214,GLAD Yeouido,,US$172,6.8 km from centre,Very good,8.4,"1,330 reviews"
215,Hamory Guesthouse Dongdaemun,US$86,US$57,2.5 km from centre,Very good,8.4,72 reviews
216,Hotel28 Myeongdong,,US$201,350 m from centre,Superb,9.2,650 reviews
217,Lux Guesthouse,US$18,US$15,4.5 km from centre,Review score,6.5,49 reviews
218,Hostel Tommy,,US$26,1.6 km from centre,Superb,9.4,278 reviews
219,Union Hotel,,US$81,8.2 km from centre,Fabulous,8.9,7 reviews
220,Charm Hotel,US$51,US$48,3.3 km from centre,Good,7.4,339 reviews
221,Koreana Hotel,,US$161,0.8 km from centre,Very good,8.2,828 reviews
222,Mayfield Hotel Seoul,US$163,US$155,14.6 km from centre,Very good,8.2,412 reviews
223,H Avenue Hotel Dongdaemun Sungshin,US$70,US$67,4.9 km from centre,Very good,8.2,223 reviews
224,MG Hotel,,US$65,0.8 km from centre,Review score,6.8,4 reviews
225,MAYONE HOTEL Myeongdong,US$105,US$100,400 m from centre,Good,7.0,140 reviews
226,Dream House,US$70,US$67,5.8 km from centre,Fabulous,8.8,152 reviews
227,Hamilton Hotel,,US$101,3.2 km from centre,Good,7.9,721 reviews
228,L7 Myeongdong by LOTTE,,US$212,0.5 km from centre,Fabulous,8.6,"1,240 reviews"
229,Sinchon K STAY guesthouse,US$70,US$63,3.9 km from centre,,,
230,8MOTEL,US$47,US$44,2.9 km from centre,Review score,5.5,24 reviews
231,Moxy Seoul Myeongdong,,US$215,150 m from centre,Fabulous,8.8,5 reviews
232,Hotel Skypark Dongdaemun I,,US$73,1.9 km from centre,Very good,8.2,501 reviews
233,Myeongdong Ecohouse,US$55,US$52,0.5 km from centre,Very good,8.0,102 reviews
234,Metro Hotel Myeongdong,,US$149,400 m from centre,Fabulous,8.7,278 reviews
235,HOTEL ANTEROOM SEOUL,,US$103,6.2 km from centre,Very good,8.0,120 reviews
236,Courtyard by Marriott Seoul Namdaemun,,US$249,400 m from centre,Fabulous,8.6,438 reviews
237,Hipzy Guesthouse,,US$51,1.6 km from centre,Good,7.8,124 reviews
238,Hotel Entra Gangnam,US$178,US$125,7.3 km from centre,Good,7.1,130 reviews
239,Mercure Ambassador Seoul Hongdae,,US$269,5.2 km from centre,Superb,9.0,"1,037 reviews"
240,Grand Hyatt Seoul,,US$246,2.8 km from centre,Good,7.9,"1,782 reviews"
241,K-Grand Hostel Gangnam1,US$98,US$57,7.4 km from centre,Review score,6.8,169 reviews
242,Hotel The Designers Hongdae,US$119,US$108,5.7 km from centre,Review score,6.4,223 reviews
243,Novotel Ambassador Seoul Dongdaemun Hotels & Residences,,US$234,2.1 km from centre,Very good,8.2,975 reviews
244,Handpicked Hotel & Collections,,US$67,8 km from centre,Good,7.8,114 reviews
245,G Mini Hotel Dongdaemun,US$49,US$47,4.2 km from centre,Good,7.9,21 reviews
246,Hotel Pharos,US$78,US$74,10.5 km from centre,Very good,8.1,824 reviews
247,OYO Rooftop Hostel,,US$60,0.6 km from centre,Fabulous,8.6,23 reviews
248,Zibro S,US$28,US$24,5.3 km from centre,Fabulous,8.6,153 reviews
249,H hotel Gasan,US$87,US$82,12.3 km from centre,Review score,6.6,20 reviews
250,Sotetsu Fresa Inn Seoul Myeong-dong,US$233,US$126,400 m from centre,Fabulous,8.6,964 reviews
251,Novotel Suites Ambassador Seoul Yongsan,,US$222,3.7 km from centre,Very good,8.4,639 reviews
252,Aloft Seoul Myeongdong,,US$215,50 m from centre,Fabulous,8.7,354 reviews
253,"Josun Palace, a Luxury Collection Hotel, Seoul Gangnam",,US$438,8.4 km from centre,Fabulous,8.6,191 reviews
254,K2 Motel,US$37,US$36,13 km from centre,Review score,6.7,27 reviews
255,Hotel Midcity Myeongdong,,US$109,0.6 km from centre,Fabulous,8.9,158 reviews
256,Nine Tree Hotel Dongdaemun,,US$117,2 km from centre,Fabulous,8.8,"1,004 reviews"
257,Hotel Bernoui Seoul,US$92,US$88,13.9 km from centre,Good,7.5,26 reviews
258,Capace Hotel Gangnam,US$105,US$100,8.5 km from centre,Review score,6.8,64 reviews
259,Prince Hotel,US$62,US$59,9 km from centre,Review score,5.9,24 reviews
260,Hotel Infini,US$69,US$65,12.1 km from centre,Good,7.4,79 reviews
261,Starhostel Dongdaemun Suite,,US$48,2.2 km from centre,Very good,8.4,48 reviews
262,Cocoa Guesthouse,US$163,US$104,5.4 km from centre,Good,7.9,306 reviews
263,G2 Hotel Myeongdong,,US$154,0.8 km from centre,Superb,9.0,241 reviews
264,New World Hotel,,US$52,2.1 km from centre,Review score,5.9,24 reviews
265,Royal Hotel Seoul,,US$212,450 m from centre,Very good,8.3,785 reviews
266,Hotel Samjung,,US$86,7.6 km from centre,Good,7.6,80 reviews
267,Hongdae Style Guesthouse,US$120,US$114,5.3 km from centre,Exceptional,9.6,72 reviews
268,Andaz Seoul Gangnam,US$297,US$267,5.8 km from centre,Fabulous,8.7,406 reviews
269,Hotel Crescendo Seoul,,US$101,8.1 km from centre,Good,7.2,220 reviews
270,Hotel Gaon Seoul Dongdaemun,US$62,US$59,2.9 km from centre,Review score,6.3,88 reviews
271,Hotel Unique by Foret,,US$42,8.5 km from centre,Good,7.1,46 reviews
272,Hongdae Jin's Paradise,,US$27,5.3 km from centre,Exceptional,9.6,11 reviews
273,The Ambassador Seoul - A Pullman Hotel,,US$226,1.9 km from centre,Very good,8.5,110 reviews
274,JUNIBINO Hotel,,US$89,6.4 km from centre,Fabulous,8.8,52 reviews
275,H Avenue Hotel Idae Shinchon,,US$74,3.5 km from centre,Good,7.8,409 reviews
276,LACOZi STAY,US$155,US$147,9.3 km from centre,Very good,8.5,75 reviews
277,Hilton Garden Inn Seoul Gangnam,,US$215,9.6 km from centre,Fabulous,8.7,236 reviews
278,Hill House Myeongdong,,US$72,0.6 km from centre,Good,7.5,61 reviews
279,Hostel Haru,US$112,US$106,0.8 km from centre,Superb,9.1,140 reviews
280,Friendly DH Naissance Hotel,US$86,US$82,4.8 km from centre,Very good,8.3,141 reviews
281,The-K Hotel Seoul,US$101,US$96,11.6 km from centre,Good,7.3,68 reviews
282,Hotel Migliore Seoul,US$86,US$82,2.5 km from centre,Good,7.4,51 reviews
283,Stanford Hotel Myeongdong,,US$154,350 m from centre,Fabulous,8.7,481 reviews
284,Gangnam Boutique Hotel Sohsul,,US$90,8.9 km from centre,Good,7.9,134 reviews
285,The Road Hotel,US$109,US$61,400 m from centre,Fabulous,8.6,26 reviews
286,Forestar Hotel,US$75,US$67,6.9 km from centre,Review score,6.4,26 reviews
287,Aiden by Best Western Cheongdam,US$242,US$115,6.4 km from centre,Very good,8.3,623 reviews
288,9 Brick Hotel,,US$179,5.4 km from centre,Very good,8.5,391 reviews
289,Four Points by Sheraton Seoul Gangnam,,US$195,6.2 km from centre,Good,7.8,471 reviews
290,Amiga Inn Dongdaemun Hotel,,US$70,2 km from centre,Review score,6.2,75 reviews
291,"RYSE, Autograph Collection Seoul",,US$325,5.4 km from centre,Fabulous,8.9,948 reviews
292,JUNIBINO Hotel,,US$89,6.4 km from centre,Fabulous,8.8,52 reviews
293,Hotel Cullinan jongno,US$80,US$76,1.3 km from centre,Review score,6.7,30 reviews
294,Rosana Hotel,US$117,US$111,12 km from centre,Good,7.6,270 reviews
295,Sotetsu Hotels The Splaisir Seoul Dongdaemun,,US$130,2.4 km from centre,Fabulous,8.9,179 reviews
296,LOTTE City Hotel Guro,,US$112,11.4 km from centre,Fabulous,8.7,963 reviews
297,Hotel POP3 Jongno,US$86,US$82,1.3 km from centre,Review score,6.0,14 reviews
298,Hotel The Designers Cheongnyangni,,US$77,6.3 km from centre,Good,7.2,178 reviews
299,Namsan Hill Hotel,,US$76,0.6 km from centre,Good,7.9,255 reviews
300,Namsan Hill Hotel,,US$76,0.6 km from centre,Good,7.9,255 reviews
301,Seoul Garden Hotel,US$304,US$174,3.7 km from centre,Very good,8.4,"1,069 reviews"
302,Savoy Hotel Myeongdong,,US$150,300 m from centre,Very good,8.0,178 reviews
303,Kensington Hotel Yeouido,,US$163,6.3 km from centre,Very good,8.1,581 reviews
304,Nine Star Hotel,US$78,US$74,3.9 km from centre,Review score,3.9,13 reviews
305,Wegoinn Hostel,US$70,US$67,3.5 km from centre,Very good,8.5,113 reviews
306,La Villa Hotel,US$47,US$44,7.1 km from centre,Review score,6.4,29 reviews
307,SR Hotel Seoul Magok,,US$105,12.5 km from centre,Very good,8.0,286 reviews
308,Lotte Hotel Seoul,,US$321,350 m from centre,Fabulous,8.6,"1,111 reviews"
309,Hotel RU136,US$65,US$62,7.1 km from centre,Fabulous,8.7,29 reviews
310,Sunnyhill Hostel Hongdae,,US$58,5.3 km from centre,Very good,8.5,114 reviews
311,DW STAY HONGDAE,,US$56,5.2 km from centre,Very good,8.5,50 reviews
312,Lotte Hotel World,,US$331,11.9 km from centre,Very good,8.4,708 reviews
313,Shilla Stay Samsung,US$223,US$174,9.2 km from centre,Good,7.6,783 reviews
314,Mini Hotel Insa,US$109,US$104,1.5 km from centre,Very good,8.3,156 reviews
315,Imperial Palace Boutique Hotel,,US$98,3.3 km from centre,Good,7.8,708 reviews
316,"THE PLAZA Seoul, Autograph Collection",,US$278,400 m from centre,Fabulous,8.6,311 reviews
317,OPPA Hostel,,US$39,3.8 km from centre,Exceptional,9.5,9 reviews
318,IBC Hotel Dongdaemun,,US$93,3.9 km from centre,Very good,8.3,76 reviews
319,Hao Guesthouse in Hongdae - Foreigner only,,US$73,4.4 km from centre,Exceptional,9.5,77 reviews
320,Ellen House,US$56,US$53,3.8 km from centre,Good,7.9,35 reviews
321,Arirang Hill Hotel Dongdaemun,US$172,US$163,4.7 km from centre,Fabulous,8.6,948 reviews
322,24 Guesthouse Myeongdong Avenue,US$78,US$74,300 m from centre,Good,7.8,117 reviews
323,Jongno Dongdaemun Lumia Hotel,US$70,US$67,3.9 km from centre,Very good,8.2,25 reviews
324,neat house hongdae,US$66,US$63,5.5 km from centre,Superb,9.2,12 reviews
325,Nine Tree Premier Hotel Insadong,,US$147,1.4 km from centre,Fabulous,8.6,"1,891 reviews"
326,Nine Tree Premier Hotel Myeongdong 2,,US$156,0.9 km from centre,Fabulous,8.8,"2,504 reviews"
327,Ramada Hotel and Suites Seoul Namdaemun,US$315,US$149,0.8 km from centre,Review score,6.5,47 reviews
328,Oslo Motel,,US$41,7.8 km from centre,Review score,5.5,28 reviews
329,Hotel Park Habio,US$110,US$105,15.4 km from centre,Good,7.3,134 reviews
330,Marriott Executive Apartment Seoul,,US$279,7.1 km from centre,Fabulous,8.8,184 reviews
331,Hill House Myeongdong,,US$72,0.6 km from centre,Good,7.5,61 reviews
332,Solaria Nishitetsu Hotel Seoul Myeongdong,US$195,US$164,350 m from centre,Fabulous,8.8,533 reviews
333,Dream Guesthouse,US$94,US$89,0.6 km from centre,Very good,8.5,162 reviews
334,Sejong Hotel Seoul Myeongdong,,US$132,0.6 km from centre,Good,7.9,574 reviews
335,Roynet Hotel Seoul Mapo,,US$129,3.7 km from centre,Fabulous,8.7,73 reviews
336,Conrad Seoul,,US$412,6.3 km from centre,Very good,8.5,"1,532 reviews"
337,Hostel CLEO Seoul Hongdae,,US$79,4.8 km from centre,Fabulous,8.6,126 reviews
338,Fairmont Ambassador Seoul,,US$385,6.1 km from centre,Very good,8.5,208 reviews
339,MJ Stay 2nd,US$78,US$74,0.9 km from centre,Very good,8.2,92 reviews
340,Orakai Daehakro Hotel,US$149,US$142,2.2 km from centre,Fabulous,8.7,620 reviews
341,24 Guesthouse Myeongdong Town,US$52,US$49,350 m from centre,Good,7.7,61 reviews
342,Zizel Signity Seocho,US$101,US$96,8.8 km from centre,Very good,8.0,1 review
343,Henn na Hotel Seoul Myeongdong,US$255,US$136,0.6 km from centre,Fabulous,8.8,"1,000 reviews"
344,Hotel RU136,US$65,US$62,7.1 km from centre,Fabulous,8.7,29 reviews
345,Y's house,US$70,US$67,5.2 km from centre,Fabulous,8.9,171 reviews
346,Must Stay Hotel Myeongdong,,US$37,0.6 km from centre,Review score,5.2,10 reviews
347,Niagara Hotel,,US$73,9.2 km from centre,Good,7.1,42 reviews
348,Hotel 2.4,US$49,US$46,12.8 km from centre,Review score,6.8,106 reviews
349,24 Guesthouse Seoul City Hall,US$30,US$29,0.5 km from centre,Good,7.4,55 reviews
350,JW Marriott Hotel Seoul,,US$404,6.8 km from centre,Fabulous,8.7,470 reviews
351,The Blossom Yeonnam Guesthouse,US$53,US$51,5 km from centre,Superb,9.3,139 reviews
352,Lotte Hotel Seoul Executive Tower,,US$397,400 m from centre,Superb,9.0,270 reviews
353,24 Guesthouse Dongdaemun Market,US$46,US$43,2.7 km from centre,Review score,6.9,33 reviews
354,Hotel Cocomo,,US$54,10.9 km from centre,Very good,8.1,100 reviews
355,Maison Hostel,,US$101,2.3 km from centre,,,
356,Y.ROAD 135,US$78,US$74,9.2 km from centre,Good,7.6,83 reviews
357,STAY7 Myeongdong,,US$83,400 m from centre,Very good,8.0,423 reviews
358,Millennium Hilton Seoul,,US$379,0.9 km from centre,Very good,8.1,685 reviews
359,Hostel CLEO Seoul Hongdae,,US$79,4.8 km from centre,Fabulous,8.6,126 reviews
360,"Grand InterContinental Seoul Parnas, an IHG Hotel",,US$453,9.2 km from centre,Fabulous,8.9,661 reviews
361,Orakai Insadong Suites,US$356,US$338,1.3 km from centre,Fabulous,8.6,"2,261 reviews"
362,Bukchonmaru Hanok Guesthouse,US$180,US$171,2.4 km from centre,Superb,9.4,85 reviews
363,Hotel Thomas Myeongdong,,US$130,300 m from centre,Very good,8.4,597 reviews
364,Sweet Stay,US$86,US$82,2.1 km from centre,Fabulous,8.8,6 reviews
365,Hotel Mfelice,,US$75,13 km from centre,Very good,8.0,354 reviews
366,Beewon Guesthouse,US$59,US$56,1.7 km from centre,Very good,8.3,84 reviews
367,Ramada by Wyndham Seoul Dongdaemun,,US$88,1.9 km from centre,Very good,8.0,332 reviews
368,Sofitel Ambassador Seoul Hotel & Serviced Residences,,US$365,12.3 km from centre,Very good,8.5,345 reviews
369,Amanti Hotel Seoul,,US$200,5.5 km from centre,Very good,8.3,281 reviews
370,Hotel Cappuccino,,US$133,7.6 km from centre,Good,7.8,394 reviews
371,The Shilla Seoul,,US$567,2.2 km from centre,Fabulous,8.9,894 reviews
372,Le Méridien Seoul Myeongdong,,US$283,150 m from centre,Very good,8.3,4 reviews
373,StayB Hotel Myeongdong,,US$126,1 km from centre,Good,7.8,234 reviews
374,Bukchon Sosunjae Guesthouse,US$125,US$107,1.9 km from centre,Good,7.8,5 reviews
375,Mama Guesthouse Myeongdong,US$113,US$108,0.7 km from centre,Review score,5.9,15 reviews
376,Four Seasons Hotel Seoul,,US$601,1.1 km from centre,Superb,9.2,622 reviews
377,Gangnam Artnouveau City,,US$142,8.7 km from centre,Very good,8.2,134 reviews
378,HS House,,US$117,4.9 km from centre,Fabulous,8.7,7 reviews
379,Soo Song Guest House,US$78,US$74,1.2 km from centre,Fabulous,8.8,112 reviews
380,Karak Tourist Hotel,,US$72,14.3 km from centre,Good,7.0,16 reviews
381,Ramada by Wyndham Seoul Sindorim,US$115,US$99,10.5 km from centre,Fabulous,8.7,168 reviews
382,Courtyard By Marriott Seoul Times Square,,US$180,8.4 km from centre,Very good,8.3,562 reviews
383,Gangnam Boutique Hotel Sohsul,,US$73,8.9 km from centre,Good,7.9,134 reviews
384,Sohyundang Guesthouse,US$112,US$107,2 km from centre,Good,7.2,56 reviews
385,DW Design Residence,,US$108,5.3 km from centre,Very good,8.0,126 reviews
386,Hotel PJ Myeongdong,,US$146,1.3 km from centre,Very good,8.3,818 reviews
387,I House Chinchin,US$62,US$59,5.5 km from centre,Review score,4.4,4 reviews
388,Metro blue4ssangmoon,US$100,US$85,10.7 km from centre,,,
389,Oakwood Premier Coex Center,US$345,US$320,8.8 km from centre,Fabulous,8.8,233 reviews
390,Orakai Cheonggyesan Hotel,US$182,US$120,14.1 km from centre,Very good,8.5,452 reviews
391,Yeongdeungpo VIP Hotel,US$105,US$100,7.7 km from centre,Review score,5.0,8 reviews
392,Swiss Grand Hotel Seoul & Grand Suite,,US$114,5 km from centre,Good,7.5,255 reviews
393,Signiel Seoul,,US$756,12 km from centre,Superb,9.1,"1,131 reviews"
394,Grand Walkerhill Seoul,,US$210,11.4 km from centre,Very good,8.4,415 reviews
395,"Hotel Noblesse, Yeoksam",,US$56,8.3 km from centre,Review score,5.6,12 reviews
396,Dada Stay Hongdae,US$249,US$236,5 km from centre,Very good,8.2,27 reviews
397,L'Escape Hotel,,US$243,300 m from centre,Fabulous,8.7,577 reviews
398,Cullinan Gaepo,,US$139,11.1 km from centre,Review score,6.2,5 reviews
399,Kpop Haus,US$54,US$51,0.7 km from centre,Review score,6.7,13 reviews
400,Eugene Hanok Stay,US$141,US$133,3.6 km from centre,Exceptional,10,1 review
401,Seoul City Center Residence,US$96,US$92,1 km from centre,Superb,9.0,5 reviews
402,UH Suite The Jongno,,US$241,0.9 km from centre,Fabulous,8.8,16 reviews
403,Hans House,,US$64,1.9 km from centre,Superb,9.0,24 reviews
404,Hotel the Castle bangi 2nd,,US$133,12.4 km from centre,Review score,6.8,5 reviews
405,JW Marriott Dongdaemun Square Seoul,,US$344,2.6 km from centre,Very good,8.1,275 reviews
406,Grand Mercure Ambassador Hotel and Residences Seoul Yongsan,,US$312,3.7 km from centre,Fabulous,8.9,367 reviews
407,The Classic 500 Pentaz Executive Residence,"US$1,051",US$368,8.3 km from centre,Very good,8.3,357 reviews
408,Park Hyatt Seoul,,US$546,9.4 km from centre,Fabulous,8.7,344 reviews
409,UH Suite The Seoul,,US$352,1.3 km from centre,Very good,8.0,2 reviews
410,Chaehyodang Hanok Stay,,US$234,9.8 km from centre,Very good,8.5,6 reviews
411,Bias K-girl Guesthouse - Women only,US$133,US$89,5.6 km from centre,Exceptional,9.5,32 reviews
412,Hotel the Castle Jamsil-Sene,,US$126,10.5 km from centre,Good,7.6,27 reviews
413,Vista Walkerhill Seoul - formerly W Seoul,,US$308,11.5 km from centre,Fabulous,8.6,210 reviews
414,24 Guesthouse KyungHee University,,US$62,7.5 km from centre,Good,7.4,10 reviews
415,Hotel Tirol,,US$91,6.1 km from centre,Good,7.3,57 reviews
416,Couple Motel,US$31,US$30,12 km from centre,Review score,3.3,3 reviews
417,Bali Tourist Hotel,US$71,US$67,14 km from centre,Review score,3.8,4 reviews
418,Tranquilo paradise,US$245,US$233,9.2 km from centre,,,
419,Hotel TARA,US$162,US$154,8.8 km from centre,,,
420,Jeong House,US$962,US$914,4.7 km from centre,Superb,9.1,10 reviews
421,K-Guesthouse Myeongdong 1,US$56,US$53,200 m from centre,Good,7.6,46 reviews
422,Lombard House,US$343,US$326,5.8 km from centre,Good,7.2,32 reviews
423,Sophia Hanok Guesthouse,US$125,US$119,1.9 km from centre,Review score,6.8,7 reviews
424,Hotel WO Yongsan Station,US$109,US$103,4.5 km from centre,Review score,6.4,5 reviews
425,Bricks Hotel,,US$117,6.8 km from centre,Very good,8.0,1 review
426,Grammos Hotel,US$390,US$371,8.4 km from centre,Good,7.5,100 reviews
427,IRIRU Boutique Guesthouse - Hanok Korean traditional house,US$367,US$349,9.5 km from centre,Exceptional 10,,8 external reviews
428,Dongyoungjae Annex by BUTLER LEE - Hanok Korean traditional house,US$300,US$285,2.4 km from centre,Good,7.0,2 reviews
429,Hotel Cozy Myeongdong,,US$57,200 m from centre,Review score,6.2,22 reviews
430,Intercity Seoul Hotel,,US$63,12.9 km from centre,Review score,6.1,8 reviews
431,BS-Entire Serviced Residence & Home Concierge,,US$404,4.6 km from centre,Exceptional,10,2 reviews
432,Gugi Motel,US$84,US$80,12.4 km from centre,,,
433,B My Guesthouse,,US$59,450 m from centre,Very good,8.0,9 reviews
434,Gangnam Blanc,US$121,US$115,8.4 km from centre,Review score,4.3,4 reviews
435,Banyan Tree Club & Spa Seoul,,US$876,2.2 km from centre,Very good,8.2,352 reviews
436,Lovely House Hongdae,US$422,US$400,5 km from centre,Very good,8.2,9 reviews
437,Private Rooftop House Isu,US$169,US$160,8.6 km from centre,,,
438,Dangsan House,US$177,US$168,7.4 km from centre,Review score,3.0,1 review
439,Private Townhouse,US$209,US$198,8.6 km from centre,Review score,1.0,1 review
440,Soyunjae by BUTLER LEE -Hanok Korean traditional house,US$443,US$421,2.3 km from centre,,,
441,PPP Seoul,"US$7,807","US$7,417",5.4 km from centre,,,
442,Bricks Hotel,,US$117,6.8 km from centre,Very good,8.0,1 review
443,Grammos Hotel,US$390,US$371,8.4 km from centre,Good,7.5,100 reviews
444,IRIRU Boutique Guesthouse - Hanok Korean traditional house,US$367,US$349,9.5 km from centre,Exceptional 10,,8 external reviews
445,Dongyoungjae Annex by BUTLER LEE - Hanok Korean traditional house,US$300,US$285,2.4 km from centre,Good,7.0,2 reviews
446,Hotel Cozy Myeongdong,,US$57,200 m from centre,Review score,6.2,22 reviews
447,Intercity Seoul Hotel,,US$63,12.9 km from centre,Review score,6.1,8 reviews
448,BS-Entire Serviced Residence & Home Concierge,,US$404,4.6 km from centre,Exceptional,10,2 reviews
449,B My Guesthouse,,US$59,450 m from centre,Very good,8.0,
